{
  "schema": 1,
  "name": "e2e_net",
  "created_unix_ms": 1783613856788,
  "host": {
    "cpu": "Apple M5 Max",
    "cores": 18,
    "mem_gb": 64,
    "os": "macOS 26.5.1",
    "rustc": "rustc 1.96.1 (31fca3adb 2026-06-26)"
  },
  "config": {
    "events": 6000000,
    "quick": false,
    "secs": 30,
    "seed": 3806353318,
    "subs": 4,
    "target_rate_per_sec": 200000
  },
  "metrics": {
    "achieved_rate_per_sec": 96902.65442776452,
    "elapsed_ns": 61917808500,
    "merged_latency_ns": {
      "max": 10898083,
      "mean": 19884.086393884583,
      "min": 4291,
      "n": 7998668,
      "p50": 14250,
      "p90": 21167,
      "p99": 42209,
      "p999": 1514375,
      "stdev": 155947.18728183783
    },
    "per_sub": [
      {
        "delivered": 6000000,
        "latency_ns": {
          "max": 10894541,
          "mean": 18396.1280198153,
          "min": 5708,
          "n": 1999667,
          "p50": 12500,
          "p90": 18625,
          "p99": 39250,
          "p999": 1374042,
          "stdev": 153049.03374611627
        }
      },
      {
        "delivered": 6000000,
        "latency_ns": {
          "max": 10898083,
          "mean": 23989.538573672515,
          "min": 8833,
          "n": 1999667,
          "p50": 17541,
          "p90": 24250,
          "p99": 47125,
          "p999": 1617917,
          "stdev": 161303.37966221254
        }
      },
      {
        "delivered": 6000000,
        "latency_ns": {
          "max": 10892458,
          "mean": 15827.208311683895,
          "min": 4291,
          "n": 1999667,
          "p50": 10042,
          "p90": 15708,
          "p99": 35750,
          "p999": 1436042,
          "stdev": 151367.88682061754
        }
      },
      {
        "delivered": 6000000,
        "latency_ns": {
          "max": 10896291,
          "mean": 21323.470670366616,
          "min": 7250,
          "n": 1999667,
          "p50": 15041,
          "p90": 21458,
          "p99": 43209,
          "p999": 1639875,
          "stdev": 157751.43208491066
        }
      }
    ],
    "sustained": false
  },
  "notes": "LIMITATIONS: loopback TCP is NOT a NIC. This measures kernel network-stack + syscall + scheduler-handoff cost on one host: no wire serialization, no propagation, no NIC interrupt/coalescing behavior. Treat as a floor for cross-machine fan-out latency. Method: publisher paces on an absolute schedule (event i at start+i/rate), stamps recv_mono_ns once immediately before the first subscriber write, then write(2)s the raw 64B Event (length-implicit framing, no batching) to each subscriber in turn — later subscribers include fan-out serialization. Subscribers stamp after read_exact(64) completes. All stamps share one process-monotonic clock; threads unpinned (macOS). First 1000 events per subscriber excluded as warmup; stride sampling (stride 3, cap 2000000/sub). If the schedule slips, the ACHIEVED rate is reported and sustained=false."
}