{
  "schema": 1,
  "name": "store_compare",
  "created_unix_ms": 1783613745371,
  "host": {
    "cpu": "Apple M5 Max",
    "cores": 18,
    "mem_gb": 64,
    "os": "macOS 26.5.1",
    "rustc": "rustc 1.96.1 (31fca3adb 2026-06-26)"
  },
  "config": {
    "block_events": 8192,
    "events": 226404844,
    "quick": false,
    "store": "data/store/full-v2.fbstore",
    "store_bytes": 2062280436,
    "threads": 1,
    "zstd_level": 3
  },
  "metrics": {
    "full_scan_seconds": {
      "duckdb": [
        0.199425,
        0.182511541,
        0.184061708
      ],
      "mean_duckdb": 0.18866608299999998,
      "mean_ours": 7.125393333333332,
      "mean_sqlite": 40.34366545866667,
      "ours": [
        6.9338535,
        7.29768925,
        7.14463725
      ],
      "sqlite": [
        45.832904417,
        35.884668917,
        39.313423042
      ]
    },
    "load_seconds": {
      "duckdb_appender": 94.273106292,
      "sqlite_tx_insert_index_analyze": 161.541443167
    },
    "parity": {
      "failures": [],
      "full_scan_equal": true,
      "pit_anchor_divergences": 0,
      "pit_anchor_hits": 186,
      "pit_queries": 200,
      "pit_tops_equal": true
    },
    "parquet_write_seconds": 6.10533025,
    "pit_latency_ns": {
      "duckdb": {
        "max": 987254917,
        "mean": 110504303.24,
        "min": 3173250,
        "n": 200,
        "p50": 42896416,
        "p90": 262041707,
        "p99": 897132416,
        "p999": 987254917,
        "stdev": 176691750.45432544
      },
      "ours": {
        "max": 3219699791,
        "mean": 372353468.135,
        "min": 167,
        "n": 200,
        "p50": 118972334,
        "p90": 1325758458,
        "p99": 2539132417,
        "p999": 3219699791,
        "stdev": 631079886.6882812
      },
      "sqlite": {
        "max": 4272967583,
        "mean": 371514778.71,
        "min": 1077625,
        "n": 200,
        "p50": 85879125,
        "p90": 1194238208,
        "p99": 3518131915,
        "p999": 4272967583,
        "stdev": 730501805.2120123
      }
    },
    "sizes_bytes": {
      "duckdb": 5861814272,
      "ours_snapidx": 13840,
      "ours_store": 2062280436,
      "ours_total": 2062294276,
      "parquet_zstd": 2143484948,
      "raw_json": 14095629974,
      "sqlite": 16180383744
    },
    "winners": {
      "full_scan": "duckdb",
      "pit_p50": "duckdb",
      "smallest_size": "ours"
    }
  },
  "notes": "Identical events loaded into DuckDB (Appender, no index) and SQLite (single tx + prepared INSERT; load-only pragmas journal_mode=MEMORY, synchronous=OFF; then CREATE INDEX idx_inst_mono + ANALYZE, charged to load). Parquet via DuckDB COPY (FORMAT PARQUET, COMPRESSION ZSTD). Full-scan aggregate and PIT top-of-book asserted EQUAL across backends before any timing is quoted; SQL PIT folds from ours' validated anchor when the naive kind=4 anchor picks an incomplete snapshot (divergences published). Losses are reported as plainly as wins — see winners."
}