{
  "schema": 1,
  "name": "store_scan",
  "created_unix_ms": 1783612772318,
  "host": {
    "cpu": "Apple M5 Max",
    "cores": 18,
    "mem_gb": 64,
    "os": "macOS 26.5.1",
    "rustc": "rustc 1.96.1 (31fca3adb 2026-06-26)"
  },
  "config": {
    "block_events": 8192,
    "events": 226404844,
    "quick": false,
    "store": "data/store/full-v2.fbstore",
    "store_bytes": 2062280436,
    "threads": 1,
    "zstd_level": 3
  },
  "metrics": {
    "events": 226404844,
    "events_per_s": [
      26305582.3268611,
      26715113.992790293,
      26510062.059910115,
      26381619.930756077,
      26590071.205019448
    ],
    "gb_per_s_logical": [
      1.6835572689191103,
      1.7097672955385788,
      1.6966439718342474,
      1.688423675568389,
      1.7017645571212447
    ],
    "gb_per_s_physical": [
      0.23961275223542922,
      0.24334310149672092,
      0.2414753208341182,
      0.2403053649028195,
      0.2422041095461657
    ],
    "mean_events_per_s": 26500489.903067406,
    "mean_gb_per_s_logical": 1.696031353796314,
    "mean_gb_per_s_physical": 0.24138812980305074,
    "pass_seconds": [
      8.606722375,
      8.474784875,
      8.54033625,
      8.581915917,
      8.5146385
    ]
  },
  "notes": "Sequential decode of every block via StoreReader::scan (mmap, per-block CRC + column decode), 1 warmup + 5 measured passes. Logical GB/s = events * 64 B / s; physical GB/s = file bytes / s."
}