{
  "schema": 1,
  "name": "store_write",
  "created_unix_ms": 1783612720852,
  "host": {
    "cpu": "Apple M5 Max",
    "cores": 18,
    "mem_gb": 64,
    "os": "macOS 26.5.1",
    "rustc": "rustc 1.96.1 (31fca3adb 2026-06-26)"
  },
  "config": {
    "block_events": 8192,
    "events": 226404844,
    "quick": false,
    "store": "data/store/full-v2.fbstore",
    "store_bytes": 2062280436,
    "threads": 1,
    "zstd_level": 3
  },
  "metrics": {
    "raw": {
      "bytes_per_event": 20.346717661217532,
      "events_per_s": [
        36858643.703886054,
        39404192.411039606,
        40509705.02016471
      ],
      "mb_per_s_logical": [
        2358.9531970487074,
        2521.8683143065346,
        2592.621121290542
      ],
      "mean_events_per_s": 38924180.37836345,
      "mean_mb_per_s_logical": 2491.147544215261,
      "pass_seconds": [
        6.142516958,
        5.745704458,
        5.588903792
      ],
      "stored_bytes": 4606595438,
      "zstd_level": null
    },
    "zstd": {
      "bytes_per_event": 9.108817243327179,
      "events_per_s": [
        15340853.928940538,
        14933533.034687746,
        15304840.620124813
      ],
      "mb_per_s_logical": [
        981.8146514521944,
        955.7461142200158,
        979.509799687988
      ],
      "mean_events_per_s": 15193075.861251032,
      "mean_mb_per_s_logical": 972.356855120066,
      "pass_seconds": [
        14.75829475,
        15.160835917,
        14.793022
      ],
      "stored_bytes": 2062280347,
      "zstd_level": 3
    }
  },
  "notes": "Re-encoding the store's 226404844 decoded events through StoreWriter (append+seal, block_events=8192) to a scratch file, 3 pass(es) per mode. MB/s is logical (events * 64 B / s); encode cost only, source events pre-decoded in memory."
}